Workbook
Name Cust_name: Table5[]
Name hospitalisation: Hosp_details[]
Name med_exam: medical_exam[]
Name Slicer_Diabetes_Status: #N/A
Name Slicer_Weight_Status: #N/A

Sheet Customer Names
A1: Customer ID | B1: Last name | C1: Title | D1: First name | F1: Customer ID | G1: name
A2: Id1 | B2: Hawks | C2: Ms | D2: Kelly | F2: Id1 | G2: Hawks, Ms. Kelly
A3: Id2 | B3: Lehner | C3: Mr | D3: Matthew D | F3: Id2 | G3: Lehner, Mr. Matthew D
A4: Id3 | B4: Lu | C4: Mr | D4: Phil | F4: Id3 | G4: Lu, Mr. Phil
A5: Id4 | B5: Osborne | C5: Ms | D5: Kelsey | F5: Id4 | G5: Osborne, Ms. Kelsey
A6: Id5 | B6: Kadala | C6: Ms | D6: Kristyn | F6: Id5 | G6: Kadala, Ms. Kristyn
A7: Id6 | B7: Baker | C7: Mr | D7: Russell B | F7: Id6 | G7: Baker, Mr. Russell B.
A8: Id7 | B8: Macpherson | C8: Mr | D8: Scott | F8: Id7 | G8: Macpherson, Mr. Scott
A9: Id8 | B9: Hallman | C9: Mr | D9: Stephen | F9: Id8 | G9: Hallman, Mr. Stephen
A10: Id9 | B10: Moran | C10: Mr | D10: Patrick R | F10: Id9 | G10: Moran, Mr. Patrick R.
A11: Id10 | B11: Benner | C11: Ms | D11: Brooke N | F11: Id10 | G11: Benner, Ms. Brooke N.
A12: Id11 | B12: Fierro Vargas | C12: Ms | D12: Paola Andrea | F12: Id11 | G12: Fierro Vargas, Ms. Paola Andrea
... A2336: Id2335 | B2336: German | C2336: Mr | D2336: Aaron K | F2336: Id2335 | G2336: German, Mr. Aaron K

Sheet Medical Examinations
A1: Customer ID | B1: BMI | C1: Weight Status | D1: HBA1C | E1: Diabetes Status | F1: Heart Issues | G1: Any Transplants | H1: Cancer history | I1: NumberOfMajorSurgeries | J1: smoker
A2: Id1 | B2: 47.41 | C2: {=_xlfn.IFS(medical_exam[[#This Row],[BMI]]<18.5, "Underweight ", medical_exam[[#This Row],[BMI]]<24.9, "Normal Weight", medical_exam[[#This Row],[BMI]]<29.9, "Overweight ", TRUE, "Obesity")} -> Obesity | D2: 7.47 | E2: {=_xlfn.IFS(medical_exam[[#This Row],[HBA1C]]<5.7, "Normal", medical_exam[[#This Row],[HBA1C]]<6.4, "Prediabetes ", TRUE, "Diabetes")} -> Diabetes | F2: No | G2: No | H2: No | I2: 0 | J2: Yes
A3: Id2 | B3: 30.36 | C3: {=_xlfn.IFS(medical_exam[[#This Row],[BMI]]<18.5, "Underweight ", medical_exam[[#This Row],[BMI]]<24.9, "Normal Weight", medical_exam[[#This Row],[BMI]]<29.9, "Overweight ", TRUE, "Obesity")} -> Obesity | D3: 5.77 | E3: {=_xlfn.IFS(medical_exam[[#This Row],[HBA1C]]<5.7, "Normal", medical_exam[[#This Row],[HBA1C]]<6.4, "Prediabetes ", TRUE, "Diabetes")} -> Prediabetes | F3: No | G3: No | H3: No | I3: 0 | J3: Yes
A4: Id3 | B4: 34.485 | C4: {=_xlfn.IFS(medical_exam[[#This Row],[BMI]]<18.5, "Underweight ", medical_exam[[#This Row],[BMI]]<24.9, "Normal Weight", medical_exam[[#This Row],[BMI]]<29.9, "Overweight ", TRUE, "Obesity")} -> Obesity | D4: 11.87 | E4: {=_xlfn.IFS(medical_exam[[#This Row],[HBA1C]]<5.7, "Normal", medical_exam[[#This Row],[HBA1C]]<6.4, "Prediabetes ", TRUE, "Diabetes")} -> Diabetes | F4: Yes | G4: No | H4: No | I4: 2 | J4: Yes
A5: Id4 | B5: 38.095 | C5: {=_xlfn.IFS(medical_exam[[#This Row],[BMI]]<18.5, "Underweight ", medical_exam[[#This Row],[BMI]]<24.9, "Normal Weight", medical_exam[[#This Row],[BMI]]<29.9, "Overweight ", TRUE, "Obesity")} -> Obesity | D5: 6.05 | E5: {=_xlfn.IFS(medical_exam[[#This Row],[HBA1C]]<5.7, "Normal", medical_exam[[#This Row],[HBA1C]]<6.4, "Prediabetes ", TRUE, "Diabetes")} -> Prediabetes | F5: No | G5: No | H5: No | I5: 0 | J5: Yes
A6: Id5 | B6: 35.53 | C6: {=_xlfn.IFS(medical_exam[[#This Row],[BMI]]<18.5, "Underweight ", medical_exam[[#This Row],[BMI]]<24.9, "Normal Weight", medical_exam[[#This Row],[BMI]]<29.9, "Overweight ", TRUE, "Obesity")} -> Obesity | D6: 5.45 | E6: {=_xlfn.IFS(medical_exam[[#This Row],[HBA1C]]<5.7, "Normal", medical_exam[[#This Row],[HBA1C]]<6.4, "Prediabetes ", TRUE, "Diabetes")} -> Normal | F6: No | G6: No | H6: No | I6: 0 | J6: Yes
A7: Id6 | B7: 32.8 | C7: {=_xlfn.IFS(medical_exam[[#This Row],[BMI]]<18.5, "Underweight ", medical_exam[[#This Row],[BMI]]<24.9, "Normal Weight", medical_exam[[#This Row],[BMI]]<29.9, "Overweight ", TRUE, "Obesity")} -> Obesity | D7: 6.59 | E7: {=_xlfn.IFS(medical_exam[[#This Row],[HBA1C]]<5.7, "Normal", medical_exam[[#This Row],[HBA1C]]<6.4, "Prediabetes ", TRUE, "Diabetes")} -> Diabetes | F7: No | G7: No | H7: No | I7: 0 | J7: Yes
A8: Id7 | B8: 36.4 | C8: {=_xlfn.IFS(medical_exam[[#This Row],[BMI]]<18.5, "Underweight ", medical_exam[[#This Row],[BMI]]<24.9, "Normal Weight", medical_exam[[#This Row],[BMI]]<29.9, "Overweight ", TRUE, "Obesity")} -> Obesity | D8: 6.07 | E8: {=_xlfn.IFS(medical_exam[[#This Row],[HBA1C]]<5.7, "Normal", medical_exam[[#This Row],[HBA1C]]<6.4, "Prediabetes ", TRUE, "Diabetes")} -> Prediabetes | F8: No | G8: No | H8: No | I8: 0 | J8: Yes
A9: Id8 | B9: 36.96 | C9: {=_xlfn.IFS(medical_exam[[#This Row],[BMI]]<18.5, "Underweight ", medical_exam[[#This Row],[BMI]]<24.9, "Normal Weight", medical_exam[[#This Row],[BMI]]<29.9, "Overweight ", TRUE, "Obesity")} -> Obesity | D9: 7.93 | E9: {=_xlfn.IFS(medical_exam[[#This Row],[HBA1C]]<5.7, "Normal", medical_exam[[#This Row],[HBA1C]]<6.4, "Prediabetes ", TRUE, "Diabetes")} -> Diabetes | F9: No | G9: No | H9: No | I9: 3 | J9: Yes
A10: Id9 | B10: 41.14 | C10: {=_xlfn.IFS(medical_exam[[#This Row],[BMI]]<18.5, "Underweight ", medical_exam[[#This Row],[BMI]]<24.9, "Normal Weight", medical_exam[[#This Row],[BMI]]<29.9, "Overweight ", TRUE, "Obesity")} -> Obesity | D10: 9.58 | E10: {=_xlfn.IFS(medical_exam[[#This Row],[HBA1C]]<5.7, "Normal", medical_exam[[#This Row],[HBA1C]]<6.4, "Prediabetes ", TRUE, "Diabetes")} -> Diabetes | F10: Yes | G10: No | H10: Yes | I10: 1 | J10: Yes
A11: Id10 | B11: 38.06 | C11: {=_xlfn.IFS(medical_exam[[#This Row],[BMI]]<18.5, "Underweight ", medical_exam[[#This Row],[BMI]]<24.9, "Normal Weight", medical_exam[[#This Row],[BMI]]<29.9, "Overweight ", TRUE, "Obesity")} -> Obesity | D11: 10.79 | E11: {=_xlfn.IFS(medical_exam[[#This Row],[HBA1C]]<5.7, "Normal", medical_exam[[#This Row],[HBA1C]]<6.4, "Prediabetes ", TRUE, "Diabetes")} -> Diabetes | F11: No | G11: No | H11: No | I11: 0 | J11: Yes
A12: Id11 | B12: 37.7 | C12: {=_xlfn.IFS(medical_exam[[#This Row],[BMI]]<18.5, "Underweight ", medical_exam[[#This Row],[BMI]]<24.9, "Normal Weight", medical_exam[[#This Row],[BMI]]<29.9, "Overweight ", TRUE, "Obesity")} -> Obesity | D12: 5.96 | E12: {=_xlfn.IFS(medical_exam[[#This Row],[HBA1C]]<5.7, "Normal", medical_exam[[#This Row],[HBA1C]]<6.4, "Prediabetes ", TRUE, "Diabetes")} -> Prediabetes | F12: Yes | G12: No | H12: No | I12: 2 | J12: Yes
A13: Id12 | B13: 42.13 | C13: {=_xlfn.IFS(medical_exam[[#This Row],[BMI]]<18.5, "Underweight ", medical_exam[[#This Row],[BMI]]<24.9, "Normal Weight", medical_exam[[#This Row],[BMI]]<29.9, "Overweight ", TRUE, "Obesity")} -> Obesity | D13: 11.9 | E13: {=_xlfn.IFS(medical_exam[[#This Row],[HBA1C]]<5.7, "Normal", medical_exam[[#This Row],[HBA1C]]<6.4, "Prediabetes ", TRUE, "Diabetes")} -> Diabetes | F13: No | G13: No | H13: No | I13: 0 | J13: Yes
... A2336: Id2335 | B2336: 17.58 | C2336: {=_xlfn.IFS(medical_exam[[#This Row],[BMI]]<18.5, "Underweight ", medical_exam[[#This Row],[BMI]]<24.9, "Normal Weight", medical_exam[[#This Row],[BMI]]<29.9, "Overweight ", TRUE, "Obesity")} -> Underweight | D2336: 4.51 | E2336: {=_xlfn.IFS(medical_exam[[#This Row],[HBA1C]]<5.7, "Normal", medical_exam[[#This Row],[HBA1C]]<6.4, "Prediabetes ", TRUE, "Diabetes")} -> Normal | F2336: No | G2336: No | H2336: No | I2336: 1 | J2336: No

Sheet Hospitalisation Details
A1: Customer ID | B1: year | C1: month | D1: date | E1: Date of Birth | F1: Age | G1: children | H1: charges | I1: Hospital tier | J1: City tier | K1: State ID
A2: Id2335 | B2: 1992 | C2: Jul | D2: 9 | E2: =DATE(Hosp_details[[#This Row],[year]],MONTH("1-"&Hosp_details[[#This Row],[month]]),Hosp_details[[#This Row],[date]]) -> 33794 | F2: =DATEDIF(Hosp_details[[#This Row],[Date of Birth]], DATE(2023,6, 8),"Y") -> 30 | G2: 0 | H2: 563.84 | I2: tier - 2 | J2: tier - 3 | K2: R1013
A3: Id2334 | B3: 1992 | C3: Aug | D3: 30 | E3: =DATE(Hosp_details[[#This Row],[year]], MONTH("1-"&Hosp_details[[#This Row],[month]]), Hosp_details[[#This Row],[date]]) -> 33846 | F3: =DATEDIF(Hosp_details[[#This Row],[Date of Birth]], DATE(2023,6, 8),"Y") -> 30 | G3: 0 | H3: 570.62 | I3: tier - 2 | J3: tier - 1 | K3: R1013
A4: Id2333 | B4: 1993 | C4: Sep | D4: 30 | E4: =DATE(Hosp_details[[#This Row],[year]], MONTH("1-"&Hosp_details[[#This Row],[month]]), Hosp_details[[#This Row],[date]]) -> 34242 | F4: =DATEDIF(Hosp_details[[#This Row],[Date of Birth]], DATE(2023,6, 8),"Y") -> 29 | G4: 0 | H4: 600 | I4: tier - 2 | J4: tier - 1 | K4: R1013
A5: Id2332 | B5: 1992 | C5: Oct | D5: 13 | E5: =DATE(Hosp_details[[#This Row],[year]], MONTH("1-"&Hosp_details[[#This Row],[month]]), Hosp_details[[#This Row],[date]]) -> 33890 | F5: =DATEDIF(Hosp_details[[#This Row],[Date of Birth]], DATE(2023,6, 8),"Y") -> 30 | G5: 0 | H5: 604.54 | I5: tier - 3 | J5: tier - 3 | K5: R1013
A6: Id2331 | B6: 1998 | C6: Nov | D6: 27 | E6: =DATE(Hosp_details[[#This Row],[year]], MONTH("1-"&Hosp_details[[#This Row],[month]]), Hosp_details[[#This Row],[date]]) -> 36126 | F6: =DATEDIF(Hosp_details[[#This Row],[Date of Birth]], DATE(2023,6, 8),"Y") -> 24 | G6: 0 | H6: 637.26 | I6: tier - 3 | J6: tier - 3 | K6: R1013
A7: Id2330 | B7: 2001 | C7: Dec | D7: 20 | E7: =DATE(Hosp_details[[#This Row],[year]], MONTH("1-"&Hosp_details[[#This Row],[month]]), Hosp_details[[#This Row],[date]]) -> 37245 | F7: =DATEDIF(Hosp_details[[#This Row],[Date of Birth]], DATE(2023,6, 8),"Y") -> 21 | G7: 0 | H7: 646.14 | I7: tier - 3 | J7: tier - 3 | K7: R1012
A8: Id2329 | B8: 1993 | C8: Jan | D8: 1 | E8: =DATE(Hosp_details[[#This Row],[year]], MONTH("1-"&Hosp_details[[#This Row],[month]]), Hosp_details[[#This Row],[date]]) -> 33970 | F8: =DATEDIF(Hosp_details[[#This Row],[Date of Birth]], DATE(2023,6, 8),"Y") -> 30 | G8: 0 | H8: 650 | I8: tier - 3 | J8: tier - 3 | K8: R1013
A9: Id2328 | B9: 1995 | C9: Feb | D9: 4 | E9: =DATE(Hosp_details[[#This Row],[year]], MONTH("1-"&Hosp_details[[#This Row],[month]]), Hosp_details[[#This Row],[date]]) -> 34734 | F9: =DATEDIF(Hosp_details[[#This Row],[Date of Birth]], DATE(2023,6, 8),"Y") -> 28 | G9: 0 | H9: 650 | I9: tier - 3 | J9: tier - 3 | K9: R1013
A10: Id2327 | B10: 2002 | C10: Mar | D10: 29 | E10: =DATE(Hosp_details[[#This Row],[year]], MONTH("1-"&Hosp_details[[#This Row],[month]]), Hosp_details[[#This Row],[date]]) -> 37344 | F10: =DATEDIF(Hosp_details[[#This Row],[Date of Birth]], DATE(2023,6, 8),"Y") -> 21 | G10: 0 | H10: 668 | I10: tier - 3 | J10: tier - 2 | K10: R1012
A11: Id2326 | B11: 1997 | C11: Apr | D11: 9 | E11: =DATE(Hosp_details[[#This Row],[year]], MONTH("1-"&Hosp_details[[#This Row],[month]]), Hosp_details[[#This Row],[date]]) -> 35529 | F11: =DATEDIF(Hosp_details[[#This Row],[Date of Birth]], DATE(2023,6, 8),"Y") -> 26 | G11: 0 | H11: 670 | I11: tier - 3 | J11: tier - 3 | K11: R1013
A12: Id2325 | B12: 2001 | C12: May | D12: 12 | E12: =DATE(Hosp_details[[#This Row],[year]], MONTH("1-"&Hosp_details[[#This Row],[month]]), Hosp_details[[#This Row],[date]]) -> 37023 | F12: =DATEDIF(Hosp_details[[#This Row],[Date of Birth]], DATE(2023,6, 8),"Y") -> 22 | G12: 0 | H12: 687.54 | I12: tier - 3 | J12: tier - 2 | K12: R1013
A13: Id2324 | B13: 1999 | C13: Jun | D13: 26 | E13: =DATE(Hosp_details[[#This Row],[year]], MONTH("1-"&Hosp_details[[#This Row],[month]]), Hosp_details[[#This Row],[date]]) -> 36337 | F13: =DATEDIF(Hosp_details[[#This Row],[Date of Birth]], DATE(2023,6, 8),"Y") -> 23 | G13: 0 | H13: 700 | I13: tier - 2 | J13: tier - 3 | K13: R1013
A14: Id2323 | B14: 1999 | C14: Jul | D14: 14 | E14: =DATE(Hosp_details[[#This Row],[year]], MONTH("1-"&Hosp_details[[#This Row],[month]]), Hosp_details[[#This Row],[date]]) -> 36355 | F14: =DATEDIF(Hosp_details[[#This Row],[Date of Birth]], DATE(2023,6, 8),"Y") -> 23 | G14: 0 | H14: 722.99 | I14: tier - 3 | J14: tier - 1 | K14: R1013
... A81: Id2257 | B81: 2003 | C81: Feb | D81: 15 | E81: =DATE(Hosp_details[[#This Row],[year]], MONTH("1-"&Hosp_details[[#This Row],[month]]), Hosp_details[[#This Row],[date]]) -> 37667 | F81: =DATEDIF(Hosp_details[[#This Row],[Date of Birth]], DATE(2023,6, 8),"Y") -> 20 | G81: 0 | H81: 1261.86 | I81: tier - 2 | J81: tier - 3 | K81: R1011
B82: 2003 | C82: Mar | D82: 21 | E82: =DATE(Hosp_details[[#This Row],[year]], MONTH("1-"&Hosp_details[[#This Row],[month]]), Hosp_details[[#This Row],[date]]) -> 37701 | F82: =DATEDIF(Hosp_details[[#This Row],[Date of Birth]], DATE(2023,6, 8),"Y") -> 20 | G82: 0 | H82: 1263.25 | I82: tier - 2 | J82: tier - 3 | K82: R1011
A83: Id2255 | B83: 2002 | C83: Apr | D83: 4 | E83: =DATE(Hosp_details[[#This Row],[year]], MONTH("1-"&Hosp_details[[#This Row],[month]]), Hosp_details[[#This Row],[date]]) -> 37350 | F83: =DATEDIF(Hosp_details[[#This Row],[Date of Birth]], DATE(2023,6, 8),"Y") -> 21 | G83: 0 | H83: 1267 | I83: tier - 2 | J83: tier - 1 | K83: R1013
A84: Id2254 | B84: 1997 | C84: May | D84: 26 | E84: =DATE(Hosp_details[[#This Row],[year]], MONTH("1-"&Hosp_details[[#This Row],[month]]), Hosp_details[[#This Row],[date]]) -> 35576 | F84: =DATEDIF(Hosp_details[[#This Row],[Date of Birth]], DATE(2023,6, 8),"Y") -> 26 | G84: 0 | H84: 1276 | I84: tier - 2 | J84: tier - 2 | K84: R1012
A85: Id2253 | B85: 2004 | C85: Jun | D85: 30 | E85: =DATE(Hosp_details[[#This Row],[year]], MONTH("1-"&Hosp_details[[#This Row],[month]]), Hosp_details[[#This Row],[date]]) -> 38168 | F85: =DATEDIF(Hosp_details[[#This Row],[Date of Birth]], DATE(2023,6, 8),"Y") -> 18 | G85: 0 | H85: 1283 | I85: tier - 2 | J85: tier - 1 | K85: R1013
A86: Id2252 | B86: 2004 | C86: Jul | D86: 28 | E86: =DATE(Hosp_details[[#This Row],[year]], MONTH("1-"&Hosp_details[[#This Row],[month]]), Hosp_details[[#This Row],[date]]) -> 38196 | F86: =DATEDIF(Hosp_details[[#This Row],[Date of Birth]], DATE(2023,6, 8),"Y") -> 18 | G86: 0 | H86: 1285 | I86: tier - 2 | J86: tier - 3 | K86: R1013
A87: Id2251 | B87: 2000 | C87: Aug | D87: 26 | E87: =DATE(Hosp_details[[#This Row],[year]], MONTH("1-"&Hosp_details[[#This Row],[month]]), Hosp_details[[#This Row],[date]]) -> 36764 | F87: =DATEDIF(Hosp_details[[#This Row],[Date of Birth]], DATE(2023,6, 8),"Y") -> 22 | G87: 0 | H87: 1286 | I87: tier - 2 | J87: tier - 2 | K87: R1013
A88: Id2250 | B88: 1998 | C88: Sep | D88: 4 | E88: =DATE(Hosp_details[[#This Row],[year]], MONTH("1-"&Hosp_details[[#This Row],[month]]), Hosp_details[[#This Row],[date]]) -> 36042 | F88: =DATEDIF(Hosp_details[[#This Row],[Date of Birth]], DATE(2023,6, 8),"Y") -> 24 | G88: 0 | H88: 1290.93 | I88: tier - 2 | J88: tier - 2 | K88: R1013
A89: Id2249 | B89: 2001 | C89: Oct | D89: 29 | E89: =DATE(Hosp_details[[#This Row],[year]], MONTH("1-"&Hosp_details[[#This Row],[month]]), Hosp_details[[#This Row],[date]]) -> 37193 | F89: =DATEDIF(Hosp_details[[#This Row],[Date of Birth]], DATE(2023,6, 8),"Y") -> 21 | G89: 0 | H89: 1293 | I89: tier - 2 | J89: tier - 3 | K89: R1012
A90: Id2248 | B90: 2002 | C90: Nov | D90: 10 | E90: =DATE(Hosp_details[[#This Row],[year]], MONTH("1-"&Hosp_details[[#This Row],[month]]), Hosp_details[[#This Row],[date]]) -> 37570 | F90: =DATEDIF(Hosp_details[[#This Row],[Date of Birth]], DATE(2023,6, 8),"Y") -> 20 | G90: 0 | H90: 1304 | I90: tier - 2 | J90: tier - 2 | K90: R1012
A91: Id2247 | B91: 1999 | C91: Dec | D91: 2 | E91: =DATE(Hosp_details[[#This Row],[year]], MONTH("1-"&Hosp_details[[#This Row],[month]]), Hosp_details[[#This Row],[date]]) -> 36496 | F91: =DATEDIF(Hosp_details[[#This Row],[Date of Birth]], DATE(2023,6, 8),"Y") -> 23 | G91: 0 | H91: 1304 | I91: tier - 2 | J91: tier - 2 | K91: R1013
A92: Id2246 | B92: 2002 | C92: Jan | D92: 13 | E92: =DATE(Hosp_details[[#This Row],[year]], MONTH("1-"&Hosp_details[[#This Row],[month]]), Hosp_details[[#This Row],[date]]) -> 37269 | F92: =DATEDIF(Hosp_details[[#This Row],[Date of Birth]], DATE(2023,6, 8),"Y") -> 21 | G92: 0 | H92: 1315 | I92: tier - 2 | J92: tier - 2 | K92: R1013
A93: Id2245 | B93: 1999 | C93: Feb | D93: 14 | E93: =DATE(Hosp_details[[#This Row],[year]], MONTH("1-"&Hosp_details[[#This Row],[month]]), Hosp_details[[#This Row],[date]]) -> 36205 | F93: =DATEDIF(Hosp_details[[#This Row],[Date of Birth]], DATE(2023,6, 8),"Y") -> 24 | G93: 0 | H93: 1329.17 | I93: tier - 2 | J93: tier - 3 | K93: R1013
A94: Id2244 | B94: 1998 | C94: Mar | D94: 12 | E94: =DATE(Hosp_details[[#This Row],[year]], MONTH("1-"&Hosp_details[[#This Row],[month]]), Hosp_details[[#This Row],[date]]) -> 35866 | F94: =DATEDIF(Hosp_details[[#This Row],[Date of Birth]], DATE(2023,6, 8),"Y") -> 25 | G94: 0 | H94: 1332.61 | I94: tier - 2 | J94: tier - 3 | K94: R1013
... A2344: Id1 | B2344: 1968 | C2344: Sep | D2344: 12 | E2344: =DATE(Hosp_details[[#This Row],[year]], MONTH("1-"&Hosp_details[[#This Row],[month]]), Hosp_details[[#This Row],[date]]) -> 25093 | F2344: =DATEDIF(Hosp_details[[#This Row],[Date of Birth]], DATE(2023,6, 8),"Y") -> 54 | G2344: 0 | H2344: 63770.43 | I2344: tier - 1 | J2344: tier - 3 | K2344: R1013

Sheet Data cleaning
A1: 1) Check for the number of missing values marked with '?' in each column of the “Medical Examinations” Table and "Hospitalization Details" Table.
A2: Hospitalization Details | F2: Medical Examination
B3: customer id missing | D3: =COUNTIF('Hospitalisation Details'!A2:'Hospitalisation Details'!A2344, "?") -> 0 | E3: 6 | G3: Customer ID | I3: =COUNTIF('Medical Examinations'!A2:'Medical Examinations'!A2336,"?") -> 0
B4: year missing | D4: 2 | G4: BMI | I4: =COUNTIF('Medical Examinations'!B2:'Medical Examinations'!B2336,"?") -> 0
B5: month missing | D5: 3 | G5: HBA1C | I5: =COUNTIF('Medical Examinations'!D2:'Medical Examinations'!D233, "?") -> 0
B6: date missing | D6: 0 | G6: Heart Issues | I6: =COUNTIF('Medical Examinations'!F2:'Medical Examinations'!F2336, "?") -> 0
B7: children missing | D7: 0 | G7: Any Transplants | I7: =COUNTIF( 'Medical Examinations'!G2:'Medical Examinations'!G2336, "?") -> 0
B8: charges missing | D8: 0 | G8: Cancer history | I8: =COUNTIF('Medical Examinations'!H2:'Medical Examinations'!H2336,"?") -> 0
B9: Hospital tier | D9: 1 | G9: NumberOfMajorSurgeries | I9: =COUNTIF('Medical Examinations'!I2:'Medical Examinations'!I2336, "?") -> 0
B10: City tier | D10: 1 | G10: smoker | I10: 2
B11: State ID | D11: 2
B12: total missing | D12: 15 | G12: total missing | I12: 2
A14: 2) Fill in the missing values of ‘month’ with Sep and ‘year’ with its average rounded to the nearest integer.
B15: Press Ctrl + H (Find and Replace).
A16: Avg Year | B16: =AVERAGE('Hospitalisation Details'!B2:'Hospitalisation Details'!B2344) -> 1982.8417 | C16: =1983 -> 1983 | D16: replaced two columns with 1983
A18: 3) Determine the most frequently occurring values in the ‘smoker’, 'Hospital tier' and 'City tier' columns, and fill in the missing values accordingly.
A19: a) | B19: Replace the ? In Smoker with unknown
B20: Yes | C20: =COUNTIF('Medical Examinations'!J2:'Medical Examinations'!J2336, "yes") -> 488 | D20: 488
B21: No | C21: =COUNTIF('Medical Examinations'!J2:'Medical Examinations'!J2336, "No") -> 1845 | D21: 1845 | E21: Most frequesnt value in Smoker is " No"
A22: b) | B22: Hospital tier
B23: =COUNTIF('Hospitalisation Details'!I2:'Hospitalisation Details'!I2344, "tier - 1") -> 309 | C23: tier 1 | D23: 309 | F23: first replace the ? With null then replace it to mode(most frequent )
B24: =COUNTIF('Hospitalisation Details'!I2:'Hospitalisation Details'!I2344, "tier - 2") -> 1340 | C24: tier 2 | D24: 1339
B25: =COUNTIF('Hospitalisation Details'!I2344:'Hospitalisation Details'!I2,"tier - 3") -> 694 | C25: tier 3 | D25: 694
C26: Replaced ? With tier 2
A27: c) | B27: City tier
B28: =COUNTIF('Hospitalisation Details'!J2:'Hospitalisation Details'!J2344, "tier - 1") -> 734 | C28: tier 1 | D28: 734
B29: =COUNTIF('Hospitalisation Details'!J2:'Hospitalisation Details'!J2344, "tier - 2") -> 813 | C29: tier2 | D29: 812
B30: =COUNTIF('Hospitalisation Details'!J2:'Hospitalisation Details'!J2344, "tier - 3") -> 796 | C30: tier 3 | D30: 796
A32: 4) If any 'State ID' values are missing, consider filling them with 'Unknown' or using another appropriate strategy.
B33: =COUNTIF('Hospitalisation Details'!K2:'Hospitalisation Details'!K2344, "?") -> 0 | C33: missing values 2
B34: R1011 | C34: =COUNTA('Hospitalisation Details'!K21:K2339) -> 2319 | D34: 2319
B35: R1012 | C35: =COUNTA('Hospitalisation Details'!K7:K2342) -> 2336
B36: Replace the missing values with missing | E36: Unknown

Sheet screen shot

Sheet Data transformation
B1: Data Transformation:
A2: 1) Split the ‘names’ column in the “Customer Names” Table into 3 meaningful columns: ‘Title’, ‘First Name’, and ‘Last Name’.
A15: 2) Convert the "NumberOfMajorSurgeries" column in the “Medical Examinations” Table to
A16: numerical data by replacing non-numeric characters with meaningful numerical values.
A29: 3) Check for inconsistencies in the 'Heart Issues' and 'smoker' columns and propose corrective actions if necessary.
B31: Capitalize each word | D31: and '?;' Replaced to unknown
A33: 4) Create a new column named “Weight Status” that categorizes BMI into different categories as below:
B35: IFS([@BMI]<18.5, "Underweight ", [@BMI]<24.9, "Normal Weight", [@BMI]<29.9, "Overweight ", TRUE, "Obesity")
A37: 5) Create a new column named “Diabetes Status” and fill it as per the information given below:
B39: IFS([@HBA1C]<5.7, "Normal", [@HBA1C]<6.4, "Prediabetes ", TRUE, "Diabetes")
A41: 6) Merge ‘year’, ‘month’ and ‘date’ columns in the “Hospitalization Details” Table into one column named ‘Date of Birth’ and format it in ‘DD-MMM-YYYY’ custom format.
A43: Date | B43: ([@year],MONTH("1-"&[@month]),[@date]) | J43: then format cells date -DD-MMM-YYYY
A45: 7) Calculate the ‘Age’ of each customer based on their ‘Date of Birth’ and the date of collection of the dataset, which is 8thJune 2023.
C47: DATEDIF([@[Date of Birth]], DATE(2023,6, 8),"Y") | I47: change the data type as NUMBER | L47: FORMAT
A49: 8) Format ‘charges’ column as currency ($). | F49: Change the datatype to Currency

Sheet Health care
A1: Customer ID | B1: First name | C1: BMI | D1: Weight Status | E1: HBA1C | F1: Diabetes Status | G1: Heart Issues | H1: Any Transplants | I1: Cancer history | J1: NumberOfMajorSurgeries | K1: smoker | L1: Dob | M1: Charges | N1: Hospital tier | O1: City tier | P1: State ID
A2: Id1 | B2: =VLOOKUP(Table35[[#This Row],[Customer ID]], 'Customer Names'!F:G, 2, FALSE) -> Hawks, Ms. Kelly | C2: 47.41 | D2: {=_xlfn.IFS(Table35[[#This Row],[BMI]]<18.5, "Underweight ", Table35[[#This Row],[BMI]]<24.9, "Normal Weight", Table35[[#This Row],[BMI]]<29.9, "Overweight ", TRUE, "Obesity")} -> Obesity | E2: 7.47 | F2: {=_xlfn.IFS(Table35[[#This Row],[HBA1C]]<5.7, "Normal", Table35[[#This Row],[HBA1C]]<6.4, "Prediabetes ", TRUE, "Diabetes")} -> Diabetes | G2: No | H2: No | I2: No | J2: 0 | K2: Yes | L2: =VLOOKUP(Table35[[#This Row],[Customer ID]],'Hospitalisation Details'!A:E,5,FALSE) -> 25093 | M2: =VLOOKUP(Table35[[#This Row],[Customer ID]],'Hospitalisation Details'!A:K,8,FALSE) -> 63770.43 | N2: =VLOOKUP(Table35[[#This Row],[Customer ID]],'Hospitalisation Details'!A:K,9, FALSE) -> tier - 1 | O2: =VLOOKUP(Table35[[#This Row],[Customer ID]],'Hospitalisation Details'!A:K,10,FALSE) -> tier - 3 | P2: =VLOOKUP(Table35[[#This Row],[Customer ID]],'Hospitalisation Details'!A:K,11,FALSE) -> R1013
A3: Id2 | B3: =VLOOKUP(Table35[[#This Row],[Customer ID]], 'Customer Names'!F:G, 2, FALSE) -> Lehner, Mr. Matthew D | C3: 30.36 | D3: {=_xlfn.IFS(Table35[[#This Row],[BMI]]<18.5, "Underweight ", Table35[[#This Row],[BMI]]<24.9, "Normal Weight", Table35[[#This Row],[BMI]]<29.9, "Overweight ", TRUE, "Obesity")} -> Obesity | E3: 5.77 | F3: {=_xlfn.IFS(Table35[[#This Row],[HBA1C]]<5.7, "Normal", Table35[[#This Row],[HBA1C]]<6.4, "Prediabetes ", TRUE, "Diabetes")} -> Prediabetes | G3: No | H3: No | I3: No | J3: 0 | K3: Yes | L3: =VLOOKUP(Table35[[#This Row],[Customer ID]],'Hospitalisation Details'!A:E,5,FALSE) -> 28345 | M3: =VLOOKUP(Table35[[#This Row],[Customer ID]],'Hospitalisation Details'!A:K,8,FALSE) -> 62592.87 | N3: =VLOOKUP(Table35[[#This Row],[Customer ID]],'Hospitalisation Details'!A:K,9, FALSE) -> tier - 2 | O3: =VLOOKUP(Table35[[#This Row],[Customer ID]],'Hospitalisation Details'!A:K,10,FALSE) -> tier - 3 | P3: =VLOOKUP(Table35[[#This Row],[Customer ID]],'Hospitalisation Details'!A:K,11,FALSE) -> R1013
A4: Id3 | B4: =VLOOKUP(Table35[[#This Row],[Customer ID]], 'Customer Names'!F:G, 2, FALSE) -> Lu, Mr. Phil | C4: 34.485 | D4: {=_xlfn.IFS(Table35[[#This Row],[BMI]]<18.5, "Underweight ", Table35[[#This Row],[BMI]]<24.9, "Normal Weight", Table35[[#This Row],[BMI]]<29.9, "Overweight ", TRUE, "Obesity")} -> Obesity | E4: 11.87 | F4: {=_xlfn.IFS(Table35[[#This Row],[HBA1C]]<5.7, "Normal", Table35[[#This Row],[HBA1C]]<6.4, "Prediabetes ", TRUE, "Diabetes")} -> Diabetes | G4: Yes | H4: No | I4: No | J4: 2 | K4: Yes | L4: =VLOOKUP(Table35[[#This Row],[Customer ID]],'Hospitalisation Details'!A:E,5,FALSE) -> 25760 | M4: =VLOOKUP(Table35[[#This Row],[Customer ID]],'Hospitalisation Details'!A:K,8,FALSE) -> 60021.4 | N4: =VLOOKUP(Table35[[#This Row],[Customer ID]],'Hospitalisation Details'!A:K,9, FALSE) -> tier - 1 | O4: =VLOOKUP(Table35[[#This Row],[Customer ID]],'Hospitalisation Details'!A:K,10,FALSE) -> tier - 1 | P4: =VLOOKUP(Table35[[#This Row],[Customer ID]],'Hospitalisation Details'!A:K,11,FALSE) -> R1012
A5: Id4 | B5: =VLOOKUP(Table35[[#This Row],[Customer ID]], 'Customer Names'!F:G, 2, FALSE) -> Osborne, Ms. Kelsey | C5: 38.095 | D5: {=_xlfn.IFS(Table35[[#This Row],[BMI]]<18.5, "Underweight ", Table35[[#This Row],[BMI]]<24.9, "Normal Weight", Table35[[#This Row],[BMI]]<29.9, "Overweight ", TRUE, "Obesity")} -> Obesity | E5: 6.05 | F5: {=_xlfn.IFS(Table35[[#This Row],[HBA1C]]<5.7, "Normal", Table35[[#This Row],[HBA1C]]<6.4, "Prediabetes ", TRUE, "Diabetes")} -> Prediabetes | G5: No | H5: No | I5: No | J5: 0 | K5: Yes | L5: =VLOOKUP(Table35[[#This Row],[Customer ID]],'Hospitalisation Details'!A:E,5,FALSE) -> 33395 | M5: =VLOOKUP(Table35[[#This Row],[Customer ID]],'Hospitalisation Details'!A:K,8,FALSE) -> 58571.07 | N5: =VLOOKUP(Table35[[#This Row],[Customer ID]],'Hospitalisation Details'!A:K,9, FALSE) -> tier - 1 | O5: =VLOOKUP(Table35[[#This Row],[Customer ID]],'Hospitalisation Details'!A:K,10,FALSE) -> tier - 3 | P5: =VLOOKUP(Table35[[#This Row],[Customer ID]],'Hospitalisation Details'!A:K,11,FALSE) -> R1024
A6: Id5 | B6: =VLOOKUP(Table35[[#This Row],[Customer ID]], 'Customer Names'!F:G, 2, FALSE) -> Kadala, Ms. Kristyn | C6: 35.53 | D6: {=_xlfn.IFS(Table35[[#This Row],[BMI]]<18.5, "Underweight ", Table35[[#This Row],[BMI]]<24.9, "Normal Weight", Table35[[#This Row],[BMI]]<29.9, "Overweight ", TRUE, "Obesity")} -> Obesity | E6: 5.45 | F6: {=_xlfn.IFS(Table35[[#This Row],[HBA1C]]<5.7, "Normal", Table35[[#This Row],[HBA1C]]<6.4, "Prediabetes ", TRUE, "Diabetes")} -> Normal | G6: No | H6: No | I6: No | J6: 0 | K6: Yes | L6: =VLOOKUP(Table35[[#This Row],[Customer ID]],'Hospitalisation Details'!A:E,5,FALSE) -> 32647 | M6: =VLOOKUP(Table35[[#This Row],[Customer ID]],'Hospitalisation Details'!A:K,8,FALSE) -> 55135.4 | N6: =VLOOKUP(Table35[[#This Row],[Customer ID]],'Hospitalisation Details'!A:K,9, FALSE) -> tier - 1 | O6: =VLOOKUP(Table35[[#This Row],[Customer ID]],'Hospitalisation Details'!A:K,10,FALSE) -> tier - 2 | P6: =VLOOKUP(Table35[[#This Row],[Customer ID]],'Hospitalisation Details'!A:K,11,FALSE) -> R1012
A7: Id6 | B7: =VLOOKUP(Table35[[#This Row],[Customer ID]], 'Customer Names'!F:G, 2, FALSE) -> Baker, Mr. Russell B. | C7: 32.8 | D7: {=_xlfn.IFS(Table35[[#This Row],[BMI]]<18.5, "Underweight ", Table35[[#This Row],[BMI]]<24.9, "Normal Weight", Table35[[#This Row],[BMI]]<29.9, "Overweight ", TRUE, "Obesity")} -> Obesity | E7: 6.59 | F7: {=_xlfn.IFS(Table35[[#This Row],[HBA1C]]<5.7, "Normal", Table35[[#This Row],[HBA1C]]<6.4, "Prediabetes ", TRUE, "Diabetes")} -> Diabetes | G7: No | H7: No | I7: No | J7: 0 | K7: Yes | L7: =VLOOKUP(Table35[[#This Row],[Customer ID]],'Hospitalisation Details'!A:E,5,FALSE) -> 22740 | M7: =VLOOKUP(Table35[[#This Row],[Customer ID]],'Hospitalisation Details'!A:K,8,FALSE) -> 52590.83 | N7: =VLOOKUP(Table35[[#This Row],[Customer ID]],'Hospitalisation Details'!A:K,9, FALSE) -> tier - 1 | O7: =VLOOKUP(Table35[[#This Row],[Customer ID]],'Hospitalisation Details'!A:K,10,FALSE) -> tier - 3 | P7: =VLOOKUP(Table35[[#This Row],[Customer ID]],'Hospitalisation Details'!A:K,11,FALSE) -> R1011
A8: Id7 | B8: =VLOOKUP(Table35[[#This Row],[Customer ID]], 'Customer Names'!F:G, 2, FALSE) -> Macpherson, Mr. Scott | C8: 36.4 | D8: {=_xlfn.IFS(Table35[[#This Row],[BMI]]<18.5, "Underweight ", Table35[[#This Row],[BMI]]<24.9, "Normal Weight", Table35[[#This Row],[BMI]]<29.9, "Overweight ", TRUE, "Obesity")} -> Obesity | E8: 6.07 | F8: {=_xlfn.IFS(Table35[[#This Row],[HBA1C]]<5.7, "Normal", Table35[[#This Row],[HBA1C]]<6.4, "Prediabetes ", TRUE, "Diabetes")} -> Prediabetes | G8: No | H8: No | I8: No | J8: 0 | K8: Yes | L8: =VLOOKUP(Table35[[#This Row],[Customer ID]],'Hospitalisation Details'!A:E,5,FALSE) -> 34420 | M8: =VLOOKUP(Table35[[#This Row],[Customer ID]],'Hospitalisation Details'!A:K,8,FALSE) -> 51194.56 | N8: =VLOOKUP(Table35[[#This Row],[Customer ID]],'Hospitalisation Details'!A:K,9, FALSE) -> tier - 1 | O8: =VLOOKUP(Table35[[#This Row],[Customer ID]],'Hospitalisation Details'!A:K,10,FALSE) -> tier - 3 | P8: =VLOOKUP(Table35[[#This Row],[Customer ID]],'Hospitalisation Details'!A:K,11,FALSE) -> R1011
A9: Id8 | B9: =VLOOKUP(Table35[[#This Row],[Customer ID]], 'Customer Names'!F:G, 2, FALSE) -> Hallman, Mr. Stephen | C9: 36.96 | D9: {=_xlfn.IFS(Table35[[#This Row],[BMI]]<18.5, "Underweight ", Table35[[#This Row],[BMI]]<24.9, "Normal Weight", Table35[[#This Row],[BMI]]<29.9, "Overweight ", TRUE, "Obesity")} -> Obesity | E9: 7.93 | F9: {=_xlfn.IFS(Table35[[#This Row],[HBA1C]]<5.7, "Normal", Table35[[#This Row],[HBA1C]]<6.4, "Prediabetes ", TRUE, "Diabetes")} -> Diabetes | G9: No | H9: No | I9: No | J9: 3 | K9: Yes | L9: =VLOOKUP(Table35[[#This Row],[Customer ID]],'Hospitalisation Details'!A:E,5,FALSE) -> 21243 | M9: =VLOOKUP(Table35[[#This Row],[Customer ID]],'Hospitalisation Details'!A:K,8,FALSE) -> 49577.66 | N9: =VLOOKUP(Table35[[#This Row],[Customer ID]],'Hospitalisation Details'!A:K,9, FALSE) -> tier - 2 | O9: =VLOOKUP(Table35[[#This Row],[Customer ID]],'Hospitalisation Details'!A:K,10,FALSE) -> tier - 2 | P9: =VLOOKUP(Table35[[#This Row],[Customer ID]],'Hospitalisation Details'!A:K,11,FALSE) -> R1013
A10: Id9 | B10: =VLOOKUP(Table35[[#This Row],[Customer ID]], 'Customer Names'!F:G, 2, FALSE) -> Moran, Mr. Patrick R. | C10: 41.14 | D10: {=_xlfn.IFS(Table35[[#This Row],[BMI]]<18.5, "Underweight ", Table35[[#This Row],[BMI]]<24.9, "Normal Weight", Table35[[#This Row],[BMI]]<29.9, "Overweight ", TRUE, "Obesity")} -> Obesity | E10: 9.58 | F10: {=_xlfn.IFS(Table35[[#This Row],[HBA1C]]<5.7, "Normal", Table35[[#This Row],[HBA1C]]<6.4, "Prediabetes ", TRUE, "Diabetes")} -> Diabetes | G10: Yes | H10: No | I10: Yes | J10: 1 | K10: Yes | L10: =VLOOKUP(Table35[[#This Row],[Customer ID]],'Hospitalisation Details'!A:E,5,FALSE) -> 23015 | M10: =VLOOKUP(Table35[[#This Row],[Customer ID]],'Hospitalisation Details'!A:K,8,FALSE) -> 48970.25 | N10: =VLOOKUP(Table35[[#This Row],[Customer ID]],'Hospitalisation Details'!A:K,9, FALSE) -> tier - 1 | O10: =VLOOKUP(Table35[[#This Row],[Customer ID]],'Hospitalisation Details'!A:K,10,FALSE) -> tier - 2 | P10: =VLOOKUP(Table35[[#This Row],[Customer ID]],'Hospitalisation Details'!A:K,11,FALSE) -> R1013
A11: Id10 | B11: =VLOOKUP(Table35[[#This Row],[Customer ID]], 'Customer Names'!F:G, 2, FALSE) -> Benner, Ms. Brooke N. | C11: 38.06 | D11: {=_xlfn.IFS(Table35[[#This Row],[BMI]]<18.5, "Underweight ", Table35[[#This Row],[BMI]]<24.9, "Normal Weight", Table35[[#This Row],[BMI]]<29.9, "Overweight ", TRUE, "Obesity")} -> Obesity | E11: 10.79 | F11: {=_xlfn.IFS(Table35[[#This Row],[HBA1C]]<5.7, "Normal", Table35[[#This Row],[HBA1C]]<6.4, "Prediabetes ", TRUE, "Diabetes")} -> Diabetes | G11: No | H11: No | I11: No | J11: 0 | K11: Yes | L11: =VLOOKUP(Table35[[#This Row],[Customer ID]],'Hospitalisation Details'!A:E,5,FALSE) -> 28853 | M11: =VLOOKUP(Table35[[#This Row],[Customer ID]],'Hospitalisation Details'!A:K,8,FALSE) -> 48885.14 | N11: =VLOOKUP(Table35[[#This Row],[Customer ID]],'Hospitalisation Details'!A:K,9, FALSE) -> tier - 1 | O11: =VLOOKUP(Table35[[#This Row],[Customer ID]],'Hospitalisation Details'!A:K,10,FALSE) -> tier - 2 | P11: =VLOOKUP(Table35[[#This Row],[Customer ID]],'Hospitalisation Details'!A:K,11,FALSE) -> R1013
A12: Id11 | B12: =VLOOKUP(Table35[[#This Row],[Customer ID]], 'Customer Names'!F:G, 2, FALSE) -> Fierro Vargas, Ms. Paola Andrea | C12: 37.7 | D12: {=_xlfn.IFS(Table35[[#This Row],[BMI]]<18.5, "Underweight ", Table35[[#This Row],[BMI]]<24.9, "Normal Weight", Table35[[#This Row],[BMI]]<29.9, "Overweight ", TRUE, "Obesity")} -> Obesity | E12: 5.96 | F12: {=_xlfn.IFS(Table35[[#This Row],[HBA1C]]<5.7, "Normal", Table35[[#This Row],[HBA1C]]<6.4, "Prediabetes ", TRUE, "Diabetes")} -> Prediabetes | G12: Yes | H12: No | I12: No | J12: 2 | K12: Yes | L12: =VLOOKUP(Table35[[#This Row],[Customer ID]],'Hospitalisation Details'!A:E,5,FALSE) -> 21876 | M12: =VLOOKUP(Table35[[#This Row],[Customer ID]],'Hospitalisation Details'!A:K,8,FALSE) -> 48824.45 | N12: =VLOOKUP(Table35[[#This Row],[Customer ID]],'Hospitalisation Details'!A:K,9, FALSE) -> tier - 2 | O12: =VLOOKUP(Table35[[#This Row],[Customer ID]],'Hospitalisation Details'!A:K,10,FALSE) -> tier - 1 | P12: =VLOOKUP(Table35[[#This Row],[Customer ID]],'Hospitalisation Details'!A:K,11,FALSE) -> R1011
A13: Id12 | B13: =VLOOKUP(Table35[[#This Row],[Customer ID]], 'Customer Names'!F:G, 2, FALSE) -> Franz, Mr. David | C13: 42.13 | D13: {=_xlfn.IFS(Table35[[#This Row],[BMI]]<18.5, "Underweight ", Table35[[#This Row],[BMI]]<24.9, "Normal Weight", Table35[[#This Row],[BMI]]<29.9, "Overweight ", TRUE, "Obesity")} -> Obesity | E13: 11.9 | F13: {=_xlfn.IFS(Table35[[#This Row],[HBA1C]]<5.7, "Normal", Table35[[#This Row],[HBA1C]]<6.4, "Prediabetes ", TRUE, "Diabetes")} -> Diabetes | G13: No | H13: No | I13: No | J13: 0 | K13: Yes | L13: =VLOOKUP(Table35[[#This Row],[Customer ID]],'Hospitalisation Details'!A:E,5,FALSE) -> 24042 | M13: =VLOOKUP(Table35[[#This Row],[Customer ID]],'Hospitalisation Details'!A:K,8,FALSE) -> 48675.52 | N13: =VLOOKUP(Table35[[#This Row],[Customer ID]],'Hospitalisation Details'!A:K,9, FALSE) -> tier - 1 | O13: =VLOOKUP(Table35[[#This Row],[Customer ID]],'Hospitalisation Details'!A:K,10,FALSE) -> tier - 2 | P13: =VLOOKUP(Table35[[#This Row],[Customer ID]],'Hospitalisation Details'!A:K,11,FALSE) -> R1013
... A2336: Id2335 | B2336: =VLOOKUP(Table35[[#This Row],[Customer ID]], 'Customer Names'!F:G, 2, FALSE) -> German, Mr. Aaron K | C2336: 17.58 | D2336: {=_xlfn.IFS(Table35[[#This Row],[BMI]]<18.5, "Underweight ", Table35[[#This Row],[BMI]]<24.9, "Normal Weight", Table35[[#This Row],[BMI]]<29.9, "Overweight ", TRUE, "Obesity")} -> Underweight | E2336: 4.51 | F2336: {=_xlfn.IFS(Table35[[#This Row],[HBA1C]]<5.7, "Normal", Table35[[#This Row],[HBA1C]]<6.4, "Prediabetes ", TRUE, "Diabetes")} -> Normal | G2336: No | H2336: No | I2336: No | J2336: 1 | K2336: No | L2336: =VLOOKUP(Table35[[#This Row],[Customer ID]],'Hospitalisation Details'!A:E,5,FALSE) -> 33794 | M2336: =VLOOKUP(Table35[[#This Row],[Customer ID]],'Hospitalisation Details'!A:K,8,FALSE) -> 563.84 | N2336: =VLOOKUP(Table35[[#This Row],[Customer ID]],'Hospitalisation Details'!A:K,9, FALSE) -> tier - 2 | O2336: =VLOOKUP(Table35[[#This Row],[Customer ID]],'Hospitalisation Details'!A:K,10,FALSE) -> tier - 3 | P2336: =VLOOKUP(Table35[[#This Row],[Customer ID]],'Hospitalisation Details'!A:K,11,FALSE) -> R1013

Sheet screen shot2

Sheet Pie Donut Chart 
A1: ➢ What is the distribution of cancer history among smokers and non-smokers?
A2: ➢ How does the total number of major surgeries and average HbA1C differ between patients with and without a history of transplants?
A8: Row Labels | B8: Count of smoker
A9: No | B9: 1944
A10: Yes | B10: 391
A11: Grand Total | B11: 2335
B13: =GETPIVOTDATA("smoker",$A$8) -> 2335
A16: Row Labels | B16: Sum of NumberOfMajorSurgeries | C16: Average of HBA1C
A17: No | B17: 1417 | C17: 6.6704427
A18: yes | B18: 162 | C18: 5.1876389
A19: Grand Total | B19: 1579 | C19: 6.5789979

Sheet LineScatter Plot  
A3: Row Labels | B3: Average of HBA1C | C3: Average of BMI
A4: 18 | B4: 6.5789979 | C4: 30.972649
A5: 19 | B5: 6.5789979 | C5: 30.972649
A6: 20 | B6: 6.5789979 | C6: 30.972649
A7: 21 | B7: 6.5789979 | C7: 30.972649
A8: 22 | B8: 6.5789979 | C8: 30.972649
A9: 23 | B9: 6.5789979 | C9: 30.972649
A10: 24 | B10: 6.5789979 | C10: 30.972649
A11: 25 | B11: 6.5789979 | C11: 30.972649
A12: 26 | B12: 6.5789979 | C12: 30.972649
A13: 27 | B13: 6.5789979 | C13: 30.972649
A14: 28 | B14: 6.5789979 | C14: 30.972649
A15: 29 | B15: 6.5789979 | C15: 30.972649
... A51: 65 | B51: 6.5789979 | C51: 30.972649
A52: Grand Total | B52: 6.5789979 | C52: 30.972649
A55: Row Labels | B55: Average of charges
A56: 18 | B56: 6140.2467
A57: 19 | B57: 7948.1146
A58: 20 | B58: 10072.263
A59: 21 | B59: 6668.0886
A60: 22 | B60: 6326.5191
A61: 23 | B61: 12681.783
A62: 24 | B62: 8802.7809
A63: 25 | B63: 9604.2098
A64: 26 | B64: 7902.0126
A65: 27 | B65: 8826.0215
A66: 28 | B66: 10241.486
A67: 29 | B67: 10351.083
... A103: 65 | B103: 24440.398
A104: Grand Total | B104: 13559.068

Sheet  Column Bar Chart  
A1: ➢ How do healthcare charges vary based on different weight statuses and diabetes statuses?
A2: ➢ Can you compare the average charges for each hospital tier within different states?
A6: Count of Charges | B6: Column Labels
A7: Row Labels | B7: Diabetes | C7: Normal | D7: Prediabetes | E7: Grand Total
A8: Normal Weight | B8: 138 | C8: 212 | D8: 81 | E8: 431
A9: Obesity | B9: 439 | C9: 565 | D9: 233 | E9: 1237
A10: Overweight | B10: 155 | C10: 236 | D10: 100 | E10: 491
A11: Underweight | B11: 66 | C11: 82 | D11: 28 | E11: 176
A12: Grand Total | B12: 798 | C12: 1095 | D12: 442 | E12: 2335
A14: Row Labels | B14: Average of Charges
A15: R1011 | B15: 19498.014
A16: tier - 1 | B16: 33081.374
A17: tier - 2 | B17: 19053.224
A18: tier - 3 | B18: 9250.3618
A19: R1012 | B19: 12016.474
A20: tier - 1 | B20: 26111.458
A21: tier - 2 | B21: 10334.279
A22: tier - 3 | B22: 10179.942
A23: R1013 | B23: 10514.94
A24: tier - 1 | B24: 31328.102
A25: tier - 2 | B25: 8439.2844
A26: tier - 3 | B26: 6890.7568
... A76: tier - 1 | B76: 20996.53
A77: #N/A | B77: #N/A
A78: #N/A | B78: #N/A
A79: Grand Total | B79: #N/A

Sheet Dashboard
